{
  "extends": [
    "config:recommended",
    "group:allNonMajor",
    ":disableDependencyDashboard",
    ":semanticCommitTypeAll(chore)"
  ],
  "labels": ["dependencies"],
  "rangeStrategy": "bump",
  "npm": {
    "commitMessageTopic": "{{prettyDepType}} {{depName}}"
  },
  "packageRules": [
    {
      "matchUpdateTypes": ["minor", "patch", "pin", "digest"],
      "automerge": true,
      "automergeSchedule": ["after 1am and before 2am"],
      "schedule": ["after 2am and before 3am"]
    }
  ]
}
